heart_rate,subject_id,stress_label
46,P028,0
46,P028,1
78,P003,0
71,P003,1
94,P012,0
88,P012,1
65,P039,0
65,P039,1
75,P066,0
65,P066,1
81,P047,0
80,P047,1
72,P054,0
73,P054,1
64,P020,0
64,P020,1
71,P016,0
68,P016,1
75,P018,0
79,P018,1
65,P004,0
60,P004,1
78,P058,0
74,P058,1
52,P059,0
55,P059,1
60,P005,0
60,P005,1
71,P060,0
76,P060,1
47,P065,0
61,P065,1
79,P053,0
81,P053,1
84,P046,0
85,P046,1
86,P024,0
85,P024,1
63,P043,0
59,P043,1
81,P041,0
93,P041,1
74,P033,0
65,P033,1
64,P038,0
61,P038,1
63,P006,0
56,P006,1
57,P052,0
54,P052,1
66,P011,0
60,P011,1
59,P013,0
72,P013,1
64,P063,0
69,P063,1
61,P045,0
55,P045,1
60,P014,0
58,P014,1
80,P008,0
83,P008,1
68,P030,0
72,P030,1
63,P037,0
66,P037,1
69,P049,0
73,P049,1
78,P029,0
83,P029,1
56,P009,0
58,P009,1
70,P064,0
62,P064,1
67,P023,0
68,P023,1
41,P040,0
49,P040,1
54,P025,0
57,P025,1
60,P056,0
68,P056,1
62,P007,0
69,P007,1
86,P010,0
86,P010,1
84,P015,0
77,P015,1
68,P026,0
68,P026,1
66,P036,0
64,P036,1
57,P021,0
60,P021,1
58,P019,0
63,P019,1
71,P032,0
69,P032,1
63,P001,0
56,P001,1
71,P031,0
60,P031,1
60,P057,0
60,P057,1
60,P042,0
62,P042,1
62,P050,1
64,P050,0
77,P022,0
73,P022,1
56,P061,1
77,P061,0
68,P055,0
72,P055,1
66,P002,0
65,P002,1
65,P035,0
64,P035,1
47,P051,0
48,P051,1
65,P027,0
73,P027,1
78,P017,0
73,P017,1
68,P062,0
72,P062,1
78,P034,0
70,P034,1
73,P044,0
74,P044,1
84,P048,0
77,P048,1
