subject_id,stress_label,heart_rate,mean_rr_ms,sdnn_ms,rmssd_ms,pnn50,rr_cv,median_hr_bpm,eda_mean,eda_median,eda_std,eda_iqr,eda_range
P028,0,46.0,1128.8,294.1768175774563,332.8983828938394,0.5,0.2606102210998018,47.61904761904762,44.927375,44.825,0.5041157492870515,0.3124999999999929,4.640000000000001
P028,1,46.0,982.7586206896551,323.3204574823576,394.06380919120915,0.7857142857142857,0.32899274621011826,55.35055350553505,44.05275,44.05,0.5435441000316766,0.6250000000000071,3.6700000000000017
P003,0,78.0,739.1794871794872,58.953537367584204,23.788542133600902,0.02631578947368421,0.07975537523712307,78.53403141361257,32.54182389937107,32.39,0.9347191112273029,1.0250000000000021,5.640000000000001
P003,1,71.0,831.6470588235294,46.17088309349084,29.811529191359384,0.12121212121212122,0.055517400805583844,71.42857142857143,33.9948125,33.72,1.0846620618985492,0.8425000000000011,5.899999999999999
P012,0,94.0,655.2727272727273,64.04807919214252,33.93016083005632,0.13953488372093023,0.09774262917779797,94.33962264150944,50.466981132075475,50.4,1.1009206473645803,0.759999999999998,9.879999999999995
P012,1,88.0,670.8837209302326,59.11941478797508,26.504267401235417,0.047619047619047616,0.0881217011883988,88.23529411764706,50.67337579617834,50.44,1.0964859687505493,1.4399999999999977,7.57
P039,0,65.0,918.8387096774194,27.250806439679966,30.515569796417044,0.06666666666666667,0.029657878094020464,65.50218340611353,41.13120253164557,41.56,1.7982398887726767,1.4149999999999991,9.469999999999999
P039,1,65.0,889.2121212121212,90.77711632611408,42.16040796766559,0.15625,0.1020871332729609,64.93506493506493,41.15525,41.69,1.1633858361582303,0.5149999999999935,5.859999999999999
P066,0,75.0,783.027027027027,49.606499622577736,24.331050121192877,0.05555555555555555,0.06335221890222892,75.37688442211055,31.819483870967744,31.52,1.1665165111742144,1.5750000000000028,5.670000000000002
P066,1,65.0,924.1290322580645,74.65821764792938,55.69919209467943,0.3,0.08078765523198166,65.50218340611353,32.909125,32.864999999999995,1.0786809948632845,1.5249999999999986,5.050000000000001
P047,0,81.0,735.4871794871794,32.06807872970106,16.026294183720637,0.0,0.043601138978466784,81.9672131147541,41.8093125,41.19,1.258146846212802,1.6174999999999997,5.719999999999999
P047,1,80.0,742.8717948717949,22.439602547352106,18.01753531833276,0.0,0.03020656148511432,80.21390374331551,41.92327044025157,41.87,1.2988522181630284,1.6000000000000085,6.899999999999999
P054,0,72.0,874.0645161290323,197.595873014236,215.28028242270585,0.7666666666666667,0.22606554707120297,72.81553398058253,31.607610062893084,31.11,1.3870821113746532,1.5950000000000024,6.490000000000002
P054,1,73.0,844.8235294117648,142.74802351510442,133.32302990492792,0.6060606060606061,0.16896785961264274,72.46376811594203,36.314842767295595,35.91,1.302817227505825,0.8149999999999977,6.130000000000003
P020,0,64.0,899.625,93.81579411701662,66.1220767388477,0.5161290322580645,0.10428322258387286,64.79481641468682,46.119354838709675,46.34,0.7511261479638467,0.8400000000000034,4.600000000000001
P020,1,64.0,881.3333333333334,114.5411134338525,87.50714256562146,0.5,0.1299634418689703,64.37768240343348,48.240625,48.125,0.9402024989297308,1.4424999999999955,4.759999999999998
P016,0,71.0,839.3939393939394,53.461399272009444,73.12318373812782,0.5,0.06369047566701486,71.77033492822966,45.553625,45.535,0.6863883121778369,0.7124999999999986,6.369999999999997
P016,1,68.0,,,,,,,46.25584905660377,46.59,1.0129555089676143,1.4199999999999946,5.310000000000002
P018,0,75.0,804.5555555555555,42.997969682595446,29.757111995046063,0.08571428571428572,0.05344313315058127,75.37688442211055,50.466981132075475,50.4,1.1009206473645803,0.759999999999998,9.879999999999995
P018,1,79.0,756.7179487179487,30.681683819459796,23.178937807732623,0.05263157894736842,0.04054573288692505,79.7872340425532,50.67337579617834,50.44,1.0964859687505493,1.4399999999999977,7.57
P004,0,65.0,915.25,73.01391824895111,73.12031622716967,0.41935483870967744,0.07977483556290753,65.50218340611353,34.724999999999994,34.525000000000006,0.6277639521490816,0.9400000000000048,3.4299999999999997
P004,1,60.0,993.9310344827586,46.42192449577705,48.82037045566708,0.2857142857142857,0.04670537782325612,60.72874493927125,35.2096875,34.935,1.1124574315225215,1.6799999999999997,5.339999999999996
P058,0,78.0,758.8717948717949,119.09818582894657,196.93867600159996,0.34210526315789475,0.1569411152631746,78.53403141361257,43.61025,43.92,0.8643665292312894,0.8074999999999974,5.07
P058,1,74.0,765.1578947368421,160.43429678418912,230.9669451019555,0.5135135135135135,0.20967475848807218,74.44168734491315,40.966,41.07,0.8202731559148242,1.042500000000004,3.8800000000000026
P059,0,52.0,1136.48,66.17471823387942,93.2451964803907,0.6666666666666666,0.05822778952016702,52.44755244755245,48.74329032258065,48.9,2.1298698544708454,2.3999999999999915,15.689999999999998
P059,1,55.0,1072.3076923076924,45.57786237266441,47.75939698111776,0.32,0.042504462757864944,55.865921787709496,50.318924050632916,50.45,0.9069417957876594,0.25,8.25
P005,0,60.0,999.3103448275862,39.65665450218184,32.3375058672478,0.14285714285714285,0.03968402279376374,60.24096385542169,43.874580645161295,43.76,0.5194605577438282,0.5750000000000028,4.269999999999996
P005,1,60.0,984.6666666666666,38.910448320544276,30.071179924787877,0.06896551724137931,0.03951636593149385,60.483870967741936,45.509375,45.46,0.5678068671342219,0.46749999999999403,4.1100000000000065
P060,0,71.0,840.2285714285714,51.93609518623129,50.65221672171445,0.4411764705882353,0.061811865190359604,71.09004739336493,33.205124999999995,33.085,0.5123751420234222,0.25,3.519999999999996
P060,1,76.0,784.3333333333334,19.997142653032064,17.158088471621774,0.02857142857142857,0.02549571948962864,76.72634271099744,32.81835443037975,32.42,0.8818667669200835,0.9349999999999952,4.719999999999999
P065,0,47.0,1119.52,290.70333102093394,346.72852012297267,0.75,0.25966783176802016,48.701298701298704,23.388227848101266,23.28,0.37943390449716535,0.42749999999999844,2.6900000000000013
P065,1,61.0,984.2758620689655,28.564334094566423,25.116869686669613,0.03571428571428571,0.029020658938565945,61.224489795918366,23.330448717948716,23.575,1.1506219036221759,1.7974999999999994,4.710000000000001
P053,0,79.0,760.2162162162163,34.81948300013078,24.81039208790453,0.05555555555555555,0.04580207874732789,79.36507936507937,39.0606875,39.325,0.7754975046491003,0.8425000000000011,5.109999999999999
P053,1,81.0,747.578947368421,44.53036108456206,30.142006246110103,0.13513513513513514,0.05956609832488589,81.08108108108108,38.1914375,37.955,1.298941439786148,1.4675000000000011,6.18
P046,0,84.0,725.6,59.355858587994064,41.86914903632078,0.1794871794871795,0.0818024511962432,84.7457627118644,41.3245625,41.625,1.174326970033121,1.4024999999999963,6.380000000000003
P046,1,85.0,,,,,,,40.4922641509434,40.56,0.7314213010680496,0.3300000000000054,5.539999999999999
P024,0,86.0,,,,,,,43.003081761006285,43.16,0.6759371831400531,1.0049999999999955,5.0
P024,1,85.0,700.6829268292682,33.02002348908177,26.290682760247975,0.125,0.04712548604331498,84.7457627118644,37.11974842767296,36.98,1.0689797275111401,1.5300000000000011,5.93
P043,0,63.0,,,,,,,51.67232704402515,51.49,1.1452589088562573,1.1099999999999994,7.93
P043,1,59.0,,,,,,,50.03119496855346,50.08,1.1087216751222628,1.0049999999999955,7.160000000000004
P041,0,81.0,744.5128205128206,73.92844043393079,54.03312823970514,0.42105263157894735,0.09929773994087686,81.08108108108108,35.7485,35.73,0.6122596563488834,0.3999999999999986,5.210000000000001
P041,1,93.0,648.8888888888889,46.20026673586037,27.09578967629137,0.11363636363636363,0.07119904120252453,93.75,33.617106918238996,33.78,0.8451464901198854,1.2100000000000009,4.900000000000002
P033,0,74.0,802.7777777777778,94.4678663767621,63.7710189438969,0.5428571428571428,0.11767623493299084,74.44168734491315,31.607610062893084,31.11,1.3870821113746532,1.5950000000000024,6.490000000000002
P033,1,65.0,907.3548387096774,75.46546600359522,77.24247536168167,0.7,0.08317084208302944,64.65517241379311,36.314842767295595,35.91,1.302817227505825,0.8149999999999977,6.130000000000003
P038,0,64.0,928.258064516129,52.28573275246667,53.769880044500745,0.26666666666666666,0.05632672071609907,64.1025641025641,33.205124999999995,33.085,0.5123751420234222,0.25,3.519999999999996
P038,1,61.0,936.516129032258,84.50478131156916,80.772932760094,0.36666666666666664,0.09023312967272816,61.98347107438016,32.81835443037975,32.42,0.8818667669200835,0.9349999999999952,4.719999999999999
P006,0,63.0,944.258064516129,112.64071725089333,131.46558485018048,0.7333333333333333,0.11929018293173317,63.559322033898304,43.874580645161295,43.76,0.5194605577438282,0.5750000000000028,4.269999999999996
P006,1,56.0,1042.7142857142858,134.25483152706195,186.47768211216572,0.8888888888888888,0.1287551473749053,56.92599620493359,45.509375,45.46,0.5678068671342219,0.46749999999999403,4.1100000000000065
P052,0,57.0,988.551724137931,146.31755734089774,158.31252996164625,0.6071428571428571,0.14801204000579163,57.915057915057915,26.176374999999997,25.9,1.0598661880058198,1.6099999999999994,4.400000000000002
P052,1,54.0,1055.4074074074074,164.5906949559934,182.66573086041407,0.5769230769230769,0.15594991450771414,54.34782608695652,29.193037974683545,29.59,2.5029726807512214,4.024999999999999,8.920000000000002
P011,0,66.0,905.0,70.27319959020765,98.89714435356727,0.0967741935483871,0.077649944298572,66.07929515418502,43.729499999999994,43.614999999999995,0.7778787475641367,1.1574999999999989,5.039999999999999
P011,1,60.0,984.9655172413793,63.17915725403473,37.93227046799523,0.21428571428571427,0.06414352192854667,60.24096385542169,40.08245283018868,39.98,0.7819261490113774,0.9450000000000003,4.440000000000005
P013,0,59.0,1009.3793103448276,60.9381500217952,61.55137227204141,0.35714285714285715,0.060371903205522714,59.7609561752988,41.7062893081761,41.97,1.0363040176689757,1.115000000000002,6.550000000000004
P013,1,72.0,878.3030303030303,175.02865566252373,37.8615900352851,0.21875,0.19928048705711024,70.4225352112676,42.86987261146496,43.8,2.2650907004144525,1.7100000000000009,11.380000000000003
P063,0,64.0,928.9333333333333,40.009424177167375,34.256637917041864,0.13793103448275862,0.043070285822987706,64.79481641468682,43.6670625,43.65,0.5296819941598045,0.269999999999996,5.219999999999999
P063,1,69.0,,,,,,,35.72056249999999,35.36,2.188830780290799,2.9124999999999943,9.839999999999996
P045,0,61.0,980.6896551724138,63.81284210669503,52.02197337938762,0.2857142857142857,0.06506935376561729,61.72839506172839,50.262903225806454,50.45,0.9062509956945254,0.6999999999999957,8.29
P045,1,55.0,1065.3846153846155,174.74440235339773,168.72984324060755,0.6,0.16402001664939858,57.47126436781609,51.425649350649344,51.58,0.9968066170511515,0.4625000000000057,9.469999999999999
P014,0,60.0,,,,,,,48.83506329113924,48.985,0.9769031706806537,0.3999999999999986,9.25
P014,1,58.0,999.1724137931035,112.3585043400674,90.23144842965941,0.5,0.11245156770644514,58.8235294117647,50.737125,50.73,0.7335211773425924,0.3300000000000054,7.100000000000001
P008,0,80.0,742.8717948717949,30.942373847609627,19.336357900134793,0.0,0.041652374018251254,80.64516129032258,44.19150943396227,44.15,0.8146912039673865,1.0200000000000031,6.100000000000001
P008,1,83.0,718.9,27.325014368823492,22.933571853261714,0.02564102564102564,0.0380094788827702,83.79888268156425,43.62416149068323,43.5,2.052878332672875,0.6799999999999997,17.369999999999997
P030,0,68.0,887.7575757575758,49.213203451303535,33.15116890850155,0.15625,0.05543540803840172,68.4931506849315,44.364451612903224,44.16,1.1459766672991796,1.2299999999999969,5.240000000000002
P030,1,72.0,829.5294117647059,50.07644779620374,35.552777669262355,0.18181818181818182,0.060367296308003374,72.46376811594203,37.86537499999999,37.67,0.5008268477693071,0.3149999999999977,3.280000000000001
P037,0,63.0,,,,,,,27.182062499999994,26.78,1.0944066465527647,1.2174999999999976,5.59
P037,1,66.0,886.625,130.9798679433279,164.84283815295882,0.22580645161290322,0.1477285977085328,67.56756756756756,,,,,
P049,0,69.0,915.483870967742,146.59419519379387,125.51547049401255,0.6333333333333333,0.160127556413235,69.44444444444444,46.867402597402595,46.835,0.6774421376972721,0.47000000000000597,6.509999999999998
P049,1,73.0,857.5294117647059,163.25778746920608,136.73774943742535,0.6060606060606061,0.19038156036332168,73.52941176470588,46.49325,46.485,0.5621886140218857,0.6325000000000003,4.399999999999999
P029,0,78.0,767.0526315789474,38.60748237829459,39.647091846589355,0.02702702702702703,0.050332246822258626,78.53403141361257,51.67232704402515,51.49,1.1452589088562573,1.1099999999999994,7.93
P029,1,83.0,716.5,52.46879414446609,19.73153144926499,0.02564102564102564,0.07322930096924786,83.79888268156425,50.03119496855346,50.08,1.1087216751222628,1.0049999999999955,7.160000000000004
P009,0,56.0,1011.4285714285714,151.76088125523347,58.05233909218537,0.2222222222222222,0.1500460690376602,56.49717514124294,26.358050314465405,26.19,0.5081107698272666,0.4450000000000003,3.289999999999999
P009,1,58.0,1052.142857142857,182.26389380271394,163.99457985623252,0.5925925925925926,0.17323112785050884,57.25190839694657,23.766815286624205,23.68,0.7481430329245464,0.5200000000000031,4.25
P064,0,70.0,,,,,,,27.81975,27.255000000000003,1.8927378426185977,2.357499999999998,8.239999999999998
P064,1,62.0,976.4137931034483,157.9632681627914,155.74154414101773,0.6071428571428571,0.1617790216386831,63.02521008403362,25.888742138364776,25.14,2.670285089349636,3.260000000000005,9.790000000000003
P023,0,67.0,883.625,57.224938168486446,44.76749973203847,0.1935483870967742,0.06476156533426108,67.11409395973155,39.53427672955974,39.3,1.0258947679147243,1.4849999999999994,6.160000000000004
P023,1,68.0,,,,,,,33.679875776397516,33.81,1.17692607434454,0.7299999999999969,6.139999999999997
P040,0,41.0,1189.3333333333333,390.81038064922024,436.48716301657817,0.7391304347826086,0.3285961720705327,44.70938897168406,42.939687500000005,43.0,0.6463126391427937,0.26249999999999574,6.1299999999999955
P040,1,49.0,1134.24,167.04921430524595,191.68724527208377,0.4583333333333333,0.1472785427292689,50.33557046979866,44.1979375,43.815,1.4255194780264155,1.7800000000000011,7.32
P025,0,54.0,1102.0,49.77067409629892,56.19964412698714,0.36,0.045163951085570704,54.34782608695652,27.2700625,26.6,1.6510280757034408,1.6750000000000007,6.420000000000002
P025,1,57.0,992.0,106.76007814587945,88.33701699417165,0.42857142857142855,0.10762104651802364,58.36575875486381,27.201875,26.119999999999997,2.1964786534002028,2.052500000000002,8.450000000000003
P056,0,60.0,,,,,,,41.83279220779221,41.879999999999995,0.6117760459485162,0.5200000000000031,5.759999999999998
P056,1,68.0,829.3714285714286,119.53219741344755,44.842207008707376,0.23529411764705882,0.14412384282315915,68.18181818181819,41.957232704402514,41.86,0.7633983912308034,0.5949999999999989,5.509999999999998
P007,0,62.0,928.516129032258,118.98119486365395,106.59580979882215,0.5333333333333333,0.1281412257077985,63.02521008403362,33.205124999999995,33.085,0.5123751420234222,0.25,3.519999999999996
P007,1,69.0,,,,,,,32.81835443037975,32.42,0.8818667669200835,0.9349999999999952,4.719999999999999
P010,0,86.0,689.0731707317074,26.967007846535772,21.194338866782328,0.05,0.039135187657792954,86.70520231213872,44.618437500000006,44.515,0.7516502154484145,0.9050000000000011,4.369999999999997
P010,1,86.0,709.6,66.74743824912319,41.80541002899395,0.1794871794871795,0.0940634699113912,85.47008547008546,39.496625,39.74,1.0210235877131668,0.480000000000004,4.590000000000003
P015,0,84.0,706.6341463414634,48.096650661746175,35.05994865940337,0.1,0.06806443038559966,83.79888268156425,,,,,
P015,1,77.0,763.8947368421053,54.31031432261065,35.686321098055394,0.16216216216216217,0.07109659446945034,77.72020725388602,,,,,
P026,0,68.0,885.125,66.87289339461648,68.97217765391042,0.3548387096774194,0.07555192023117241,68.96551724137932,37.90651612903226,37.85,0.9530631365605494,0.8999999999999986,7.450000000000003
P026,1,68.0,906.375,151.9961268606709,139.05858593621844,0.5483870967741935,0.16769673353818332,68.64988558352402,40.415812499999994,40.29,1.2844818703720446,1.2950000000000017,9.620000000000005
P036,0,66.0,,,,,,,40.82496855345912,41.25,1.048260689756322,1.1850000000000023,5.229999999999997
P036,1,64.0,925.0322580645161,68.07813347958738,47.3004580668447,0.36666666666666664,0.0735954156042408,64.37768240343348,,,,,
P021,0,57.0,,,,,,,7.7705,7.98,2.0325059044372606,2.7200000000000006,8.239999999999998
P021,1,60.0,917.8064516129032,158.06442132979382,156.36197321173287,0.2,0.17221977580569411,61.47540983606557,10.994213836477988,11.18,0.7715998369718174,0.7899999999999991,4.07
P019,0,58.0,1000.2857142857143,56.578269053590965,52.18769544208247,0.3333333333333333,0.05656210845117634,58.708414872798436,35.7485,35.73,0.6122596563488834,0.3999999999999986,5.210000000000001
P019,1,63.0,941.4666666666667,41.80062145498543,40.47988005979233,0.2413793103448276,0.0443994704591971,63.69426751592356,33.617106918238996,33.78,0.8451464901198854,1.2100000000000009,4.900000000000002
P032,0,71.0,846.5882352941177,48.431218110848036,50.47171425059723,0.3333333333333333,0.05720752556172989,71.77033492822966,50.231375,50.055,0.6628075291928396,0.6624999999999943,5.449999999999996
P032,1,69.0,872.2424242424242,43.760020497474564,35.601966237835796,0.1875,0.05016956213231867,69.44444444444444,50.5619375,51.625,2.147780043571976,3.1875,10.25
P001,0,63.0,927.3548387096774,76.78956022233612,59.83978609587437,0.3,0.08280493832240224,63.29113924050633,27.182062499999994,26.78,1.0944066465527647,1.2174999999999976,5.59
P001,1,56.0,1065.7777777777778,82.45713727252169,61.24352399045332,0.46153846153846156,0.07736803955928849,56.17977528089887,,,,,
P031,0,71.0,834.9411764705883,88.1063204751219,53.809991186722485,0.3333333333333333,0.10552398535135073,71.94244604316546,50.405759493670885,50.515,0.9283059664065417,0.634999999999998,7.660000000000004
P031,1,60.0,993.1034482758621,145.5468370436095,166.09119698011003,0.8928571428571429,0.14655757896752344,60.0,51.1045,51.165,1.981616708618045,0.9774999999999991,16.700000000000003
P057,0,60.0,,,,,,,24.56,24.7,0.7396175884977249,1.3649999999999984,2.789999999999999
P057,1,60.0,996.8275862068965,60.0226558211369,61.155539405682624,0.4642857142857143,0.060213678525424454,59.7609561752988,23.1453125,23.58,1.5837051222712442,2.1750000000000007,7.330000000000002
P042,0,60.0,,,,,,,29.986624999999997,29.925,0.7490168713619911,0.8774999999999977,2.960000000000001
P042,1,62.0,,,,,,,29.7645625,29.865000000000002,1.335400840524752,2.710000000000001,4.84
P050,1,62.0,969.3333333333334,67.56725044970628,77.02037348023238,0.5517241379310345,0.06970486635114127,61.98347107438016,41.328875000000004,40.864999999999995,1.5775735637543509,2.0,9.29
P050,0,64.0,913.9354838709677,287.99235354245906,316.27835841233275,0.7666666666666667,0.3151123450450456,63.559322033898304,39.232749999999996,39.415,0.7751737074550195,1.0474999999999994,4.140000000000001
P022,0,77.0,,,,,,,37.3733125,37.335,0.43643455621129024,0.3774999999999977,3.6799999999999997
P022,1,73.0,788.875,279.56230190274454,435.2446846130013,0.7741935483870968,0.35438098799270423,75.37688442211055,38.9569375,38.915,1.224647810686863,1.9150000000000063,6.1200000000000045
P061,1,56.0,1017.4285714285714,176.06804841298626,185.27577043723528,0.8518518518518519,0.17305199928263182,56.390977443609025,,,,,
P061,0,77.0,793.5135135135135,91.992035169,64.50150730366263,0.3888888888888889,0.11593001707264987,77.31958762886597,40.634875,40.49,0.8011885726411839,1.2099999999999937,4.280000000000001
P055,0,68.0,894.125,52.41998510787348,54.14913694841373,0.3870967741935484,0.058627132792253296,67.87330316742081,43.134,43.165,0.5122428178144773,0.35249999999999915,5.020000000000003
P055,1,72.0,856.9411764705883,81.27504413147972,73.0230349709161,0.2727272727272727,0.09484320086732256,72.63922518159806,43.74044025157234,43.44,0.7733081540720795,0.8299999999999983,5.219999999999999
P002,0,66.0,829.2941176470588,201.6050037576125,229.7856708880137,0.5757575757575758,0.24310434557237998,66.96428571428571,38.015812499999996,37.95,0.6320013851141179,0.5375000000000014,5.229999999999997
P002,1,65.0,857.2121212121212,169.81897670309067,167.36337711697863,0.53125,0.1981061309107039,65.78947368421052,41.635625000000005,41.745,0.9686700261166622,1.5499999999999972,5.460000000000001
P035,0,65.0,,,,,,,48.129374999999996,48.15,0.6689480030746858,0.12999999999999545,6.840000000000003
P035,1,64.0,929.5483870967741,52.5375032458893,35.18332938575692,0.1,0.05651938508545837,64.1025641025641,48.6585625,48.705,0.5638221393970033,0.8299999999999983,4.359999999999999
P051,0,47.0,1093.6,271.70817678776865,332.6259160077579,0.5416666666666666,0.24845297804294866,48.85993485342019,28.62509433962264,28.12,1.500045513201722,1.1099999999999994,7.079999999999998
P051,1,48.0,,,,,,,29.71626582278481,28.475,2.8849586832478913,2.8000000000000007,11.819999999999997
P027,0,65.0,910.1935483870968,73.42180391629302,53.09111664550546,0.4666666666666667,0.08066614408155243,66.66666666666667,30.531062499999997,30.515,0.37364362140629404,0.3525000000000027,2.7199999999999953
P027,1,73.0,780.4444444444445,106.45789092257341,41.50318404308621,0.08571428571428572,0.1364067508973748,73.71007371007371,26.706875000000004,26.695,0.4705599334233591,0.5625,2.0799999999999983
P017,0,78.0,774.421052631579,27.026145078070954,18.611243332415444,0.0,0.03489851546033357,78.53403141361257,29.64496855345912,29.65,0.42228563465112623,0.45500000000000185,2.700000000000003
P017,1,73.0,814.6666666666666,63.06459273746923,41.914198071775154,0.22857142857142856,0.07741152954681166,73.17073170731707,26.171835443037974,26.44,0.6054264576961144,1.0150000000000006,3.0500000000000007
P062,0,68.0,879.1515151515151,33.041755034464735,27.568097504180443,0.09375,0.03758368661717001,68.18181818181819,34.935471698113204,34.93,0.8519030803859959,1.2249999999999943,4.449999999999996
P062,1,72.0,826.8571428571429,76.26314461711343,55.17885357954568,0.14705882352941177,0.09223255223216896,72.11538461538461,26.185624999999998,26.25,0.9600266554868582,1.3874999999999993,4.899999999999999
P034,0,78.0,761.4736842105264,65.62412906690247,38.225504433417086,0.24324324324324326,0.08618042938009032,78.3289817232376,43.13878205128205,43.010000000000005,0.9645853817280806,0.9599999999999937,5.549999999999997
P034,1,70.0,844.0,81.13736948701705,51.84592558726288,0.45454545454545453,0.09613432403675007,70.75471698113208,35.17175,35.125,0.7683933659134976,0.6025000000000063,3.8599999999999994
P044,0,73.0,818.0571428571428,53.31700030017071,45.82832414694702,0.11764705882352941,0.06517515404114191,73.89162561576354,,,,,
P044,1,74.0,,,,,,,,,,,
P048,0,84.0,706.6341463414634,48.096650661746175,35.05994865940337,0.1,0.06806443038559966,83.79888268156425,39.53427672955974,39.3,1.0258947679147243,1.4849999999999994,6.160000000000004
P048,1,77.0,763.8947368421053,54.31031432261065,35.686321098055394,0.16216216216216217,0.07109659446945034,77.72020725388602,33.679875776397516,33.81,1.17692607434454,0.7299999999999969,6.139999999999997
